{
  "de": 1566114480.0,
  "en": 1576014032.2032847,
  "es": 1566285239.0,
  "fr": 1566287734.0,
  "ru": 1566288205.0,
  "corpus": 1576014020.8453734
}